id,scene,lum,white,black,flags,secs,traits
1,lattice,0.049401749727668844,0.0,0.488,,24,"{""Token"": ""#1 of 100"", ""Family"": ""Lattice"", ""Temperament"": ""contemplative"", ""Signature"": ""drift"", ""Variant"": ""\u2014"", ""Palette"": ""vaporwv"", ""Channel"": ""speed"", ""Exposure"": ""short"", ""Spin"": ""retrograde"", ""Doppler"": ""off""}"
2,lattice,0.04072779820261438,0.0,0.5347274305555556,,25,"{""Token"": ""#2 of 100"", ""Family"": ""Lattice"", ""Temperament"": ""contemplative"", ""Signature"": ""drift"", ""Variant"": ""\u2014"", ""Palette"": ""vaporwv"", ""Channel"": ""speed"", ""Exposure"": ""short"", ""Spin"": ""prograde"", ""Doppler"": ""off""}"
3,horsehead,0.16926337826797386,0.0,0.04883333333333333,,14,"{""Token"": ""#3 of 100"", ""Family"": ""Horsehead"", ""Temperament"": ""patient"", ""Signature"": ""drift"", ""Variant"": ""\u2014"", ""Palette"": ""ice"", ""Channel"": ""mass"", ""Exposure"": ""short"", ""Spin"": ""none"", ""Doppler"": ""off""}"
4,dust-storm,0.090924026416122,0.002576388888888889,0.43139756944444446,,14,"{""Token"": ""#4 of 100"", ""Family"": ""Dust Storm"", ""Temperament"": ""restless"", ""Signature"": ""drift"", ""Variant"": ""\u2014"", ""Palette"": ""ember"", ""Channel"": ""density"", ""Exposure"": ""short"", ""Spin"": ""none"", ""Doppler"": ""off""}"
5,stephans-quintet,0.1420580473856209,0.009793402777777778,0.28559548611111113,,16,"{""Token"": ""#5 of 100"", ""Family"": ""Stephan's Quintet"", ""Temperament"": ""patient"", ""Signature"": ""chase"", ""Variant"": ""\u2014"", ""Palette"": ""bone"", ""Channel"": ""mass"", ""Exposure"": ""short"", ""Spin"": ""none"", ""Doppler"": ""off""}"
6,horsehead,0.08668375544662309,0.0,0.22821527777777778,,12,"{""Token"": ""#6 of 100"", ""Family"": ""Horsehead"", ""Temperament"": ""contemplative"", ""Signature"": ""drift"", ""Variant"": ""\u2014"", ""Palette"": ""ember"", ""Channel"": ""mass"", ""Exposure"": ""short"", ""Spin"": ""none"", ""Doppler"": ""off""}"
7,orrery,0.023470806100217866,0.0005607638888888889,0.9368420138888889,,13,"{""Token"": ""#7 of 100"", ""Family"": ""Orrery"", ""Temperament"": ""restless"", ""Signature"": ""drift"", ""Variant"": ""\u2014"", ""Palette"": ""mono"", ""Channel"": ""kind"", ""Exposure"": ""short"", ""Spin"": ""none"", ""Doppler"": ""off""}"
8,orrery,0.021233006535947712,0.0005364583333333333,0.9459565972222223,,13,"{""Token"": ""#8 of 100"", ""Family"": ""Orrery"", ""Temperament"": ""contemplative"", ""Signature"": ""drift"", ""Variant"": ""\u2014"", ""Palette"": ""mono"", ""Channel"": ""kind"", ""Exposure"": ""short"", ""Spin"": ""prograde"", ""Doppler"": ""off""}"
9,horsehead,0.16628531454248366,0.0,0.024965277777777777,,13,"{""Token"": ""#9 of 100"", ""Family"": ""Horsehead"", ""Temperament"": ""contemplative"", ""Signature"": ""drift"", ""Variant"": ""\u2014"", ""Palette"": ""vaporwv"", ""Channel"": ""mass"", ""Exposure"": ""short"", ""Spin"": ""none"", ""Doppler"": ""off""}"
10,antennae,0.19719121051198257,0.012661458333333334,0.10602604166666667,,14,"{""Token"": ""#10 of 100"", ""Family"": ""Antennae"", ""Temperament"": ""contemplative"", ""Signature"": ""chase"", ""Variant"": ""\u2014"", ""Palette"": ""ember"", ""Channel"": ""speed"", ""Exposure"": ""short"", ""Spin"": ""none"", ""Doppler"": ""off""}"
11,antennae,0.2666981821895425,0.0185625,0.03398784722222222,,18,"{""Token"": ""#11 of 100"", ""Family"": ""Antennae"", ""Temperament"": ""patient"", ""Signature"": ""chase"", ""Variant"": ""\u2014"", ""Palette"": ""ember"", ""Channel"": ""speed"", ""Exposure"": ""short"", ""Spin"": ""none"", ""Doppler"": ""on""}"
12,dust-storm,0.08855127314814815,0.002796875,0.4237222222222222,,16,"{""Token"": ""#12 of 100"", ""Family"": ""Dust Storm"", ""Temperament"": ""contemplative"", ""Signature"": ""drift"", ""Variant"": ""\u2014"", ""Palette"": ""nebula"", ""Channel"": ""density"", ""Exposure"": ""short"", ""Spin"": ""none"", ""Doppler"": ""off""}"
13,cartwheel,0.32342930964052286,0.05057465277777778,0.05118576388888889,,36,"{""Token"": ""#13 of 100"", ""Family"": ""Cartwheel"", ""Temperament"": ""restless"", ""Signature"": ""chase"", ""Variant"": ""\u2014"", ""Palette"": ""ice"", ""Channel"": ""speed"", ""Exposure"": ""short"", ""Spin"": ""none"", ""Doppler"": ""off""}"
14,coma,0.09323176742919391,0.0009791666666666666,0.3388611111111111,,15,"{""Token"": ""#14 of 100"", ""Family"": ""Coma Cluster"", ""Temperament"": ""restless"", ""Signature"": ""drift"", ""Variant"": ""\u2014"", ""Palette"": ""ember"", ""Channel"": ""mass"", ""Exposure"": ""short"", ""Spin"": ""none"", ""Doppler"": ""off""}"
15,milky-way,0.1842344566993464,0.0002986111111111111,0.14163541666666668,,14,"{""Token"": ""#15 of 100"", ""Family"": ""Milky Way"", ""Temperament"": ""contemplative"", ""Signature"": ""drift"", ""Variant"": ""\u2014"", ""Palette"": ""nebula"", ""Channel"": ""mass"", ""Exposure"": ""short"", ""Spin"": ""none"", ""Doppler"": ""off""}"
16,lattice,0.05577900326797386,0.00011805555555555556,0.48365277777777776,,25,"{""Token"": ""#16 of 100"", ""Family"": ""Lattice"", ""Temperament"": ""patient"", ""Signature"": ""drift"", ""Variant"": ""\u2014"", ""Palette"": ""vaporwv"", ""Channel"": ""speed"", ""Exposure"": ""short"", ""Spin"": ""retrograde"", ""Doppler"": ""on""}"
17,milky-way,0.21386795343137255,0.0009652777777777778,0.13085069444444444,,15,"{""Token"": ""#17 of 100"", ""Family"": ""Milky Way"", ""Temperament"": ""restless"", ""Signature"": ""drift"", ""Variant"": ""\u2014"", ""Palette"": ""ember"", ""Channel"": ""mass"", ""Exposure"": ""long"", ""Spin"": ""none"", ""Doppler"": ""on""}"
18,coma,0.09200360838779956,0.0004809027777777778,0.3676579861111111,,12,"{""Token"": ""#18 of 100"", ""Family"": ""Coma Cluster"", ""Temperament"": ""contemplative"", ""Signature"": ""drift"", ""Variant"": ""\u2014"", ""Palette"": ""aurora"", ""Channel"": ""mass"", ""Exposure"": ""short"", ""Spin"": ""none"", ""Doppler"": ""off""}"
19,horsehead,0.13122635484749454,0.0,0.08757465277777778,,11,"{""Token"": ""#19 of 100"", ""Family"": ""Horsehead"", ""Temperament"": ""contemplative"", ""Signature"": ""drift"", ""Variant"": ""\u2014"", ""Palette"": ""ember"", ""Channel"": ""mass"", ""Exposure"": ""long"", ""Spin"": ""none"", ""Doppler"": ""on""}"
20,horsehead,0.08375336328976034,0.0,0.3416579861111111,,10,"{""Token"": ""#20 of 100"", ""Family"": ""Horsehead"", ""Temperament"": ""patient"", ""Signature"": ""drift"", ""Variant"": ""\u2014"", ""Palette"": ""ice"", ""Channel"": ""mass"", ""Exposure"": ""short"", ""Spin"": ""retrograde"", ""Doppler"": ""off""}"
21,sombrero,0.17967916666666667,0.021897569444444445,0.22856944444444444,,14,"{""Token"": ""#21 of 100"", ""Family"": ""Sombrero"", ""Temperament"": ""patient"", ""Signature"": ""drift"", ""Variant"": ""\u2014"", ""Palette"": ""sunset"", ""Channel"": ""density"", ""Exposure"": ""short"", ""Spin"": ""none"", ""Doppler"": ""on""}"
22,cartwheel,0.37875535130718957,0.06224479166666667,0.034277777777777775,,34,"{""Token"": ""#22 of 100"", ""Family"": ""Cartwheel"", ""Temperament"": ""restless"", ""Signature"": ""chase"", ""Variant"": ""\u2014"", ""Palette"": ""ice"", ""Channel"": ""speed"", ""Exposure"": ""short"", ""Spin"": ""none"", ""Doppler"": ""on""}"
23,quiet-drift,0.5292283088235293,0.007140625,0.0,,16,"{""Token"": ""#23 of 100"", ""Family"": ""Quiet Drift"", ""Temperament"": ""contemplative"", ""Signature"": ""drift"", ""Variant"": ""\u2014"", ""Palette"": ""aurora"", ""Channel"": ""speed"", ""Exposure"": ""short"", ""Spin"": ""none"", ""Doppler"": ""off""}"
24,sombrero,0.17637542211328974,0.015890625,0.22619791666666667,,15,"{""Token"": ""#24 of 100"", ""Family"": ""Sombrero"", ""Temperament"": ""contemplative"", ""Signature"": ""drift"", ""Variant"": ""\u2014"", ""Palette"": ""sunset"", ""Channel"": ""density"", ""Exposure"": ""short"", ""Spin"": ""none"", ""Doppler"": ""off""}"
25,virgo-m87,0.11962622549019608,0.002111111111111111,0.27774131944444447,,9,"{""Token"": ""#25 of 100"", ""Family"": ""Virgo \u00b7 M87"", ""Temperament"": ""contemplative"", ""Signature"": ""vertigo"", ""Variant"": ""\u2014"", ""Palette"": ""nebula"", ""Channel"": ""speed"", ""Exposure"": ""short"", ""Spin"": ""none"", ""Doppler"": ""off""}"
26,bullet-cluster,0.14455821759259257,0.0032222222222222222,0.2682100694444444,,17,"{""Token"": ""#26 of 100"", ""Family"": ""Bullet Cluster"", ""Temperament"": ""restless"", ""Signature"": ""chase"", ""Variant"": ""\u2014"", ""Palette"": ""aurora"", ""Channel"": ""kind"", ""Exposure"": ""short"", ""Spin"": ""retrograde"", ""Doppler"": ""off""}"
27,orrery,0.022665100762527233,0.00018055555555555555,0.9386649305555556,,14,"{""Token"": ""#27 of 100"", ""Family"": ""Orrery"", ""Temperament"": ""contemplative"", ""Signature"": ""drift"", ""Variant"": ""\u2014"", ""Palette"": ""mono"", ""Channel"": ""kind"", ""Exposure"": ""long"", ""Spin"": ""none"", ""Doppler"": ""off""}"
28,coma,0.04668875272331154,0.00019618055555555556,0.5287100694444444,,13,"{""Token"": ""#28 of 100"", ""Family"": ""Coma Cluster"", ""Temperament"": ""contemplative"", ""Signature"": ""drift"", ""Variant"": ""\u2014"", ""Palette"": ""vaporwv"", ""Channel"": ""mass"", ""Exposure"": ""short"", ""Spin"": ""none"", ""Doppler"": ""off""}"
29,stephans-quintet,0.09070648828976036,0.005246527777777778,0.4045815972222222,,18,"{""Token"": ""#29 of 100"", ""Family"": ""Stephan's Quintet"", ""Temperament"": ""patient"", ""Signature"": ""chase"", ""Variant"": ""\u2014"", ""Palette"": ""bone"", ""Channel"": ""mass"", ""Exposure"": ""short"", ""Spin"": ""none"", ""Doppler"": ""off""}"
30,lattice,0.04244961192810457,0.0,0.5123576388888889,,21,"{""Token"": ""#30 of 100"", ""Family"": ""Lattice"", ""Temperament"": ""contemplative"", ""Signature"": ""drift"", ""Variant"": ""\u2014"", ""Palette"": ""vaporwv"", ""Channel"": ""speed"", ""Exposure"": ""short"", ""Spin"": ""none"", ""Doppler"": ""off""}"
31,collision,0.20198437500000002,0.01025173611111111,0.15768055555555555,,17,"{""Token"": ""#31 of 100"", ""Family"": ""Collision"", ""Temperament"": ""contemplative"", ""Signature"": ""chase"", ""Variant"": ""Polar passage"", ""Palette"": ""nebula"", ""Channel"": ""speed"", ""Exposure"": ""short"", ""Spin"": ""none"", ""Doppler"": ""on""}"
32,milky-way,0.2166141203703704,0.0007413194444444444,0.12908159722222223,,16,"{""Token"": ""#32 of 100"", ""Family"": ""Milky Way"", ""Temperament"": ""restless"", ""Signature"": ""drift"", ""Variant"": ""\u2014"", ""Palette"": ""ember"", ""Channel"": ""mass"", ""Exposure"": ""long"", ""Spin"": ""none"", ""Doppler"": ""off""}"
33,event-horizon,0.35411921296296295,0.06714756944444444,0.06430729166666667,,9,"{""Token"": ""#33 of 100"", ""Family"": ""Event Horizon"", ""Temperament"": ""patient"", ""Signature"": ""vertigo"", ""Variant"": ""\u2014"", ""Palette"": ""vaporwv"", ""Channel"": ""speed"", ""Exposure"": ""short"", ""Spin"": ""none"", ""Doppler"": ""on""}"
34,milky-way,0.260357788671024,0.0014427083333333334,0.10094444444444445,,12,"{""Token"": ""#34 of 100"", ""Family"": ""Milky Way"", ""Temperament"": ""contemplative"", ""Signature"": ""drift"", ""Variant"": ""\u2014"", ""Palette"": ""ember"", ""Channel"": ""mass"", ""Exposure"": ""long"", ""Spin"": ""none"", ""Doppler"": ""off""}"
35,dust-storm,0.08980775462962963,0.0026180555555555558,0.4190763888888889,,13,"{""Token"": ""#35 of 100"", ""Family"": ""Dust Storm"", ""Temperament"": ""contemplative"", ""Signature"": ""drift"", ""Variant"": ""\u2014"", ""Palette"": ""ember"", ""Channel"": ""density"", ""Exposure"": ""short"", ""Spin"": ""none"", ""Doppler"": ""off""}"
36,collision,0.19370910266884533,0.010201388888888888,0.1539375,,15,"{""Token"": ""#36 of 100"", ""Family"": ""Collision"", ""Temperament"": ""restless"", ""Signature"": ""chase"", ""Variant"": ""Antennae (prograde)"", ""Palette"": ""ice"", ""Channel"": ""speed"", ""Exposure"": ""short"", ""Spin"": ""none"", ""Doppler"": ""on""}"
37,sombrero,0.15125777505446625,0.014961805555555556,0.3013576388888889,,13,"{""Token"": ""#37 of 100"", ""Family"": ""Sombrero"", ""Temperament"": ""contemplative"", ""Signature"": ""drift"", ""Variant"": ""\u2014"", ""Palette"": ""ice"", ""Channel"": ""density"", ""Exposure"": ""short"", ""Spin"": ""none"", ""Doppler"": ""off""}"
38,horsehead,0.1836847698801743,0.0,0.006407986111111111,,12,"{""Token"": ""#38 of 100"", ""Family"": ""Horsehead"", ""Temperament"": ""patient"", ""Signature"": ""drift"", ""Variant"": ""\u2014"", ""Palette"": ""aurora"", ""Channel"": ""mass"", ""Exposure"": ""short"", ""Spin"": ""none"", ""Doppler"": ""off""}"
39,dust-storm,0.09487544934640522,0.0028385416666666667,0.4084288194444444,,13,"{""Token"": ""#39 of 100"", ""Family"": ""Dust Storm"", ""Temperament"": ""contemplative"", ""Signature"": ""drift"", ""Variant"": ""\u2014"", ""Palette"": ""aurora"", ""Channel"": ""density"", ""Exposure"": ""short"", ""Spin"": ""none"", ""Doppler"": ""on""}"
40,event-horizon,0.367142572167756,0.07193576388888889,0.07327256944444445,,10,"{""Token"": ""#40 of 100"", ""Family"": ""Event Horizon"", ""Temperament"": ""patient"", ""Signature"": ""vertigo"", ""Variant"": ""\u2014"", ""Palette"": ""bone"", ""Channel"": ""speed"", ""Exposure"": ""short"", ""Spin"": ""none"", ""Doppler"": ""on""}"
41,quiet-drift,0.5901912173202615,0.012904513888888889,0.0,,11,"{""Token"": ""#41 of 100"", ""Family"": ""Quiet Drift"", ""Temperament"": ""contemplative"", ""Signature"": ""drift"", ""Variant"": ""\u2014"", ""Palette"": ""aurora"", ""Channel"": ""speed"", ""Exposure"": ""short"", ""Spin"": ""none"", ""Doppler"": ""off""}"
42,dust-storm,0.09348332652505446,0.0024409722222222224,0.42196875,,13,"{""Token"": ""#42 of 100"", ""Family"": ""Dust Storm"", ""Temperament"": ""contemplative"", ""Signature"": ""drift"", ""Variant"": ""\u2014"", ""Palette"": ""ice"", ""Channel"": ""density"", ""Exposure"": ""short"", ""Spin"": ""none"", ""Doppler"": ""off""}"
43,orrery,0.029395336328976035,0.0008888888888888889,0.9172239583333334,,11,"{""Token"": ""#43 of 100"", ""Family"": ""Orrery"", ""Temperament"": ""patient"", ""Signature"": ""drift"", ""Variant"": ""\u2014"", ""Palette"": ""mono"", ""Channel"": ""kind"", ""Exposure"": ""short"", ""Spin"": ""none"", ""Doppler"": ""off""}"
44,orrery,0.024546888616557735,0.0,0.9424930555555555,,11,"{""Token"": ""#44 of 100"", ""Family"": ""Orrery"", ""Temperament"": ""restless"", ""Signature"": ""drift"", ""Variant"": ""\u2014"", ""Palette"": ""nebula"", ""Channel"": ""kind"", ""Exposure"": ""short"", ""Spin"": ""none"", ""Doppler"": ""off""}"
45,horsehead,0.186677355664488,0.0,0.05270138888888889,,9,"{""Token"": ""#45 of 100"", ""Family"": ""Horsehead"", ""Temperament"": ""restless"", ""Signature"": ""drift"", ""Variant"": ""\u2014"", ""Palette"": ""sunset"", ""Channel"": ""mass"", ""Exposure"": ""long"", ""Spin"": ""none"", ""Doppler"": ""off""}"
46,bullet-cluster,0.13142085375816995,0.0062586805555555555,0.3331145833333333,,16,"{""Token"": ""#46 of 100"", ""Family"": ""Bullet Cluster"", ""Temperament"": ""contemplative"", ""Signature"": ""chase"", ""Variant"": ""\u2014"", ""Palette"": ""ember"", ""Channel"": ""kind"", ""Exposure"": ""short"", ""Spin"": ""none"", ""Doppler"": ""off""}"
47,quiet-drift,0.4226784109477124,0.002967013888888889,0.0007413194444444444,,16,"{""Token"": ""#47 of 100"", ""Family"": ""Quiet Drift"", ""Temperament"": ""contemplative"", ""Signature"": ""drift"", ""Variant"": ""\u2014"", ""Palette"": ""ice"", ""Channel"": ""speed"", ""Exposure"": ""short"", ""Spin"": ""none"", ""Doppler"": ""off""}"
48,stephans-quintet,0.09814765795206971,0.005930555555555555,0.3914375,,17,"{""Token"": ""#48 of 100"", ""Family"": ""Stephan's Quintet"", ""Temperament"": ""contemplative"", ""Signature"": ""chase"", ""Variant"": ""\u2014"", ""Palette"": ""bone"", ""Channel"": ""mass"", ""Exposure"": ""short"", ""Spin"": ""none"", ""Doppler"": ""off""}"
49,orrery,0.02521703431372549,0.0,0.9414965277777778,,15,"{""Token"": ""#49 of 100"", ""Family"": ""Orrery"", ""Temperament"": ""patient"", ""Signature"": ""drift"", ""Variant"": ""\u2014"", ""Palette"": ""mono"", ""Channel"": ""kind"", ""Exposure"": ""short"", ""Spin"": ""none"", ""Doppler"": ""off""}"
50,quiet-drift,0.3754525735294118,0.0026215277777777777,0.0045225694444444445,,13,"{""Token"": ""#50 of 100"", ""Family"": ""Quiet Drift"", ""Temperament"": ""contemplative"", ""Signature"": ""drift"", ""Variant"": ""\u2014"", ""Palette"": ""ember"", ""Channel"": ""speed"", ""Exposure"": ""short"", ""Spin"": ""none"", ""Doppler"": ""on""}"
51,dust-storm,0.08201158088235294,0.001420138888888889,0.44081597222222224,,14,"{""Token"": ""#51 of 100"", ""Family"": ""Dust Storm"", ""Temperament"": ""patient"", ""Signature"": ""drift"", ""Variant"": ""\u2014"", ""Palette"": ""aurora"", ""Channel"": ""density"", ""Exposure"": ""short"", ""Spin"": ""none"", ""Doppler"": ""off""}"
52,lattice,0.0333026075708061,0.0,0.6146649305555556,,25,"{""Token"": ""#52 of 100"", ""Family"": ""Lattice"", ""Temperament"": ""contemplative"", ""Signature"": ""drift"", ""Variant"": ""\u2014"", ""Palette"": ""aurora"", ""Channel"": ""speed"", ""Exposure"": ""short"", ""Spin"": ""none"", ""Doppler"": ""off""}"
53,virgo-m87,0.16842147331154683,0.005184027777777778,0.156421875,,12,"{""Token"": ""#53 of 100"", ""Family"": ""Virgo \u00b7 M87"", ""Temperament"": ""contemplative"", ""Signature"": ""vertigo"", ""Variant"": ""\u2014"", ""Palette"": ""ice"", ""Channel"": ""speed"", ""Exposure"": ""short"", ""Spin"": ""none"", ""Doppler"": ""off""}"
54,cartwheel,0.41834954384531586,0.08205034722222222,0.018010416666666668,,34,"{""Token"": ""#54 of 100"", ""Family"": ""Cartwheel"", ""Temperament"": ""restless"", ""Signature"": ""chase"", ""Variant"": ""\u2014"", ""Palette"": ""ice"", ""Channel"": ""speed"", ""Exposure"": ""short"", ""Spin"": ""none"", ""Doppler"": ""on""}"
55,lattice,0.05235323393246187,0.0,0.4982447916666667,,29,"{""Token"": ""#55 of 100"", ""Family"": ""Lattice"", ""Temperament"": ""patient"", ""Signature"": ""drift"", ""Variant"": ""\u2014"", ""Palette"": ""aurora"", ""Channel"": ""speed"", ""Exposure"": ""short"", ""Spin"": ""prograde"", ""Doppler"": ""off""}"
56,antennae,0.1958393246187364,0.01271875,0.12225868055555555,,17,"{""Token"": ""#56 of 100"", ""Family"": ""Antennae"", ""Temperament"": ""patient"", ""Signature"": ""chase"", ""Variant"": ""\u2014"", ""Palette"": ""ember"", ""Channel"": ""speed"", ""Exposure"": ""short"", ""Spin"": ""none"", ""Doppler"": ""off""}"
57,bullet-cluster,0.12996380038126362,0.005704861111111111,0.33272395833333335,,20,"{""Token"": ""#57 of 100"", ""Family"": ""Bullet Cluster"", ""Temperament"": ""contemplative"", ""Signature"": ""chase"", ""Variant"": ""\u2014"", ""Palette"": ""aurora"", ""Channel"": ""kind"", ""Exposure"": ""short"", ""Spin"": ""none"", ""Doppler"": ""off""}"
58,dust-storm,0.0983663466775599,0.0014392361111111112,0.3539861111111111,,15,"{""Token"": ""#58 of 100"", ""Family"": ""Dust Storm"", ""Temperament"": ""restless"", ""Signature"": ""drift"", ""Variant"": ""\u2014"", ""Palette"": ""aurora"", ""Channel"": ""density"", ""Exposure"": ""short"", ""Spin"": ""retrograde"", ""Doppler"": ""on""}"
59,quiet-drift,0.4897009327342048,0.0041875,1.7361111111111112e-06,,9,"{""Token"": ""#59 of 100"", ""Family"": ""Quiet Drift"", ""Temperament"": ""contemplative"", ""Signature"": ""drift"", ""Variant"": ""\u2014"", ""Palette"": ""ice"", ""Channel"": ""speed"", ""Exposure"": ""long"", ""Spin"": ""none"", ""Doppler"": ""off""}"
60,collision,0.27225921160130717,0.022984375,0.07678645833333334,,16,"{""Token"": ""#60 of 100"", ""Family"": ""Collision"", ""Temperament"": ""restless"", ""Signature"": ""chase"", ""Variant"": ""Grazing flyby (fast)"", ""Palette"": ""ember"", ""Channel"": ""speed"", ""Exposure"": ""short"", ""Spin"": ""retrograde"", ""Doppler"": ""off""}"
61,sagittarius,0.2934052832244009,0.03483680555555556,0.06030902777777778,,12,"{""Token"": ""#61 of 100"", ""Family"": ""Sagittarius"", ""Temperament"": ""patient"", ""Signature"": ""vertigo"", ""Variant"": ""\u2014"", ""Palette"": ""nebula"", ""Channel"": ""mass"", ""Exposure"": ""short"", ""Spin"": ""none"", ""Doppler"": ""off""}"
62,sombrero,0.11361890659041395,0.0094375,0.3838871527777778,,14,"{""Token"": ""#62 of 100"", ""Family"": ""Sombrero"", ""Temperament"": ""contemplative"", ""Signature"": ""drift"", ""Variant"": ""\u2014"", ""Palette"": ""nebula"", ""Channel"": ""density"", ""Exposure"": ""long"", ""Spin"": ""none"", ""Doppler"": ""off""}"
63,whirlpool,0.05121812363834423,0.0,0.43361458333333336,,68,"{""Token"": ""#63 of 100"", ""Family"": ""Whirlpool"", ""Temperament"": ""patient"", ""Signature"": ""chase"", ""Variant"": ""\u2014"", ""Palette"": ""vaporwv"", ""Channel"": ""density"", ""Exposure"": ""short"", ""Spin"": ""none"", ""Doppler"": ""on""}"
64,coma,0.06476409994553377,0.00025868055555555556,0.4483315972222222,,14,"{""Token"": ""#64 of 100"", ""Family"": ""Coma Cluster"", ""Temperament"": ""restless"", ""Signature"": ""drift"", ""Variant"": ""\u2014"", ""Palette"": ""sunset"", ""Channel"": ""mass"", ""Exposure"": ""short"", ""Spin"": ""none"", ""Doppler"": ""off""}"
65,collision,0.2493154003267974,0.016803819444444444,0.03547395833333333,,18,"{""Token"": ""#65 of 100"", ""Family"": ""Collision"", ""Temperament"": ""contemplative"", ""Signature"": ""chase"", ""Variant"": ""Milky Way \u00d7 Andromeda"", ""Palette"": ""nebula"", ""Channel"": ""speed"", ""Exposure"": ""short"", ""Spin"": ""prograde"", ""Doppler"": ""off""}"
66,sombrero,0.1555042415577342,0.018697916666666668,0.24969270833333335,,16,"{""Token"": ""#66 of 100"", ""Family"": ""Sombrero"", ""Temperament"": ""contemplative"", ""Signature"": ""drift"", ""Variant"": ""\u2014"", ""Palette"": ""aurora"", ""Channel"": ""density"", ""Exposure"": ""short"", ""Spin"": ""none"", ""Doppler"": ""on""}"
67,horsehead,0.10281470588235293,0.0,0.20203645833333334,,13,"{""Token"": ""#67 of 100"", ""Family"": ""Horsehead"", ""Temperament"": ""contemplative"", ""Signature"": ""drift"", ""Variant"": ""\u2014"", ""Palette"": ""ember"", ""Channel"": ""mass"", ""Exposure"": ""short"", ""Spin"": ""none"", ""Doppler"": ""off""}"
68,coma,0.08811611519607844,0.00038368055555555557,0.3170746527777778,,14,"{""Token"": ""#68 of 100"", ""Family"": ""Coma Cluster"", ""Temperament"": ""patient"", ""Signature"": ""drift"", ""Variant"": ""\u2014"", ""Palette"": ""aurora"", ""Channel"": ""mass"", ""Exposure"": ""short"", ""Spin"": ""none"", ""Doppler"": ""off""}"
69,sagittarius,0.31900968137254904,0.04080729166666667,0.044668402777777776,,12,"{""Token"": ""#69 of 100"", ""Family"": ""Sagittarius"", ""Temperament"": ""contemplative"", ""Signature"": ""vertigo"", ""Variant"": ""\u2014"", ""Palette"": ""ember"", ""Channel"": ""mass"", ""Exposure"": ""short"", ""Spin"": ""none"", ""Doppler"": ""off""}"
70,whirlpool,0.12283749319172113,0.0,0.24097222222222223,,71,"{""Token"": ""#70 of 100"", ""Family"": ""Whirlpool"", ""Temperament"": ""contemplative"", ""Signature"": ""chase"", ""Variant"": ""\u2014"", ""Palette"": ""aurora"", ""Channel"": ""density"", ""Exposure"": ""short"", ""Spin"": ""none"", ""Doppler"": ""on""}"
71,orrery,0.023583047385620916,1.7361111111111112e-06,0.9441510416666666,,16,"{""Token"": ""#71 of 100"", ""Family"": ""Orrery"", ""Temperament"": ""contemplative"", ""Signature"": ""drift"", ""Variant"": ""\u2014"", ""Palette"": ""mono"", ""Channel"": ""kind"", ""Exposure"": ""short"", ""Spin"": ""none"", ""Doppler"": ""off""}"
72,stephans-quintet,0.16700464324618736,0.012737847222222222,0.22191493055555556,,22,"{""Token"": ""#72 of 100"", ""Family"": ""Stephan's Quintet"", ""Temperament"": ""patient"", ""Signature"": ""chase"", ""Variant"": ""\u2014"", ""Palette"": ""aurora"", ""Channel"": ""mass"", ""Exposure"": ""short"", ""Spin"": ""none"", ""Doppler"": ""off""}"
73,quiet-drift,0.54253197167756,0.009227430555555555,1.7361111111111112e-06,,15,"{""Token"": ""#73 of 100"", ""Family"": ""Quiet Drift"", ""Temperament"": ""contemplative"", ""Signature"": ""drift"", ""Variant"": ""\u2014"", ""Palette"": ""ice"", ""Channel"": ""speed"", ""Exposure"": ""short"", ""Spin"": ""none"", ""Doppler"": ""off""}"
74,sombrero,0.14301431100217865,0.016230902777777778,0.29054166666666664,,14,"{""Token"": ""#74 of 100"", ""Family"": ""Sombrero"", ""Temperament"": ""patient"", ""Signature"": ""drift"", ""Variant"": ""\u2014"", ""Palette"": ""sunset"", ""Channel"": ""density"", ""Exposure"": ""short"", ""Spin"": ""none"", ""Doppler"": ""on""}"
75,whirlpool,0.10099166666666666,0.0,0.2931197916666667,,69,"{""Token"": ""#75 of 100"", ""Family"": ""Whirlpool"", ""Temperament"": ""contemplative"", ""Signature"": ""chase"", ""Variant"": ""\u2014"", ""Palette"": ""aurora"", ""Channel"": ""density"", ""Exposure"": ""short"", ""Spin"": ""none"", ""Doppler"": ""on""}"
76,virgo-m87,0.14154732434640524,0.002751736111111111,0.25524305555555554,,12,"{""Token"": ""#76 of 100"", ""Family"": ""Virgo \u00b7 M87"", ""Temperament"": ""restless"", ""Signature"": ""vertigo"", ""Variant"": ""\u2014"", ""Palette"": ""vaporwv"", ""Channel"": ""speed"", ""Exposure"": ""short"", ""Spin"": ""none"", ""Doppler"": ""off""}"
77,coma,0.05009214324618737,6.423611111111112e-05,0.5182899305555555,,16,"{""Token"": ""#77 of 100"", ""Family"": ""Coma Cluster"", ""Temperament"": ""contemplative"", ""Signature"": ""drift"", ""Variant"": ""\u2014"", ""Palette"": ""aurora"", ""Channel"": ""mass"", ""Exposure"": ""short"", ""Spin"": ""retrograde"", ""Doppler"": ""off""}"
78,lattice,0.044406794662309367,0.0,0.5059479166666667,,28,"{""Token"": ""#78 of 100"", ""Family"": ""Lattice"", ""Temperament"": ""contemplative"", ""Signature"": ""drift"", ""Variant"": ""\u2014"", ""Palette"": ""ice"", ""Channel"": ""speed"", ""Exposure"": ""short"", ""Spin"": ""none"", ""Doppler"": ""off""}"
79,sombrero,0.13328675789760347,0.012086805555555555,0.32447743055555556,,15,"{""Token"": ""#79 of 100"", ""Family"": ""Sombrero"", ""Temperament"": ""patient"", ""Signature"": ""drift"", ""Variant"": ""\u2014"", ""Palette"": ""sunset"", ""Channel"": ""density"", ""Exposure"": ""short"", ""Spin"": ""none"", ""Doppler"": ""off""}"
80,whirlpool,0.08990698529411764,0.0,0.34565972222222224,,67,"{""Token"": ""#80 of 100"", ""Family"": ""Whirlpool"", ""Temperament"": ""contemplative"", ""Signature"": ""chase"", ""Variant"": ""\u2014"", ""Palette"": ""aurora"", ""Channel"": ""density"", ""Exposure"": ""short"", ""Spin"": ""none"", ""Doppler"": ""on""}"
81,bullet-cluster,0.11455514705882353,0.0018767361111111111,0.30314409722222224,,21,"{""Token"": ""#81 of 100"", ""Family"": ""Bullet Cluster"", ""Temperament"": ""restless"", ""Signature"": ""chase"", ""Variant"": ""\u2014"", ""Palette"": ""nebula"", ""Channel"": ""kind"", ""Exposure"": ""short"", ""Spin"": ""prograde"", ""Doppler"": ""off""}"
82,milky-way,0.17788729575163398,0.0002309027777777778,0.13744791666666667,,17,"{""Token"": ""#82 of 100"", ""Family"": ""Milky Way"", ""Temperament"": ""patient"", ""Signature"": ""drift"", ""Variant"": ""\u2014"", ""Palette"": ""nebula"", ""Channel"": ""mass"", ""Exposure"": ""short"", ""Spin"": ""none"", ""Doppler"": ""off""}"
83,cartwheel,0.3738486519607843,0.068125,0.043869791666666665,,36,"{""Token"": ""#83 of 100"", ""Family"": ""Cartwheel"", ""Temperament"": ""patient"", ""Signature"": ""chase"", ""Variant"": ""\u2014"", ""Palette"": ""nebula"", ""Channel"": ""speed"", ""Exposure"": ""short"", ""Spin"": ""none"", ""Doppler"": ""off""}"
84,milky-way,0.16187433959694988,0.00034895833333333334,0.17169270833333333,,14,"{""Token"": ""#84 of 100"", ""Family"": ""Milky Way"", ""Temperament"": ""patient"", ""Signature"": ""drift"", ""Variant"": ""\u2014"", ""Palette"": ""ember"", ""Channel"": ""mass"", ""Exposure"": ""short"", ""Spin"": ""none"", ""Doppler"": ""off""}"
85,quiet-drift,0.5587630514705882,0.009215277777777777,0.0,,16,"{""Token"": ""#85 of 100"", ""Family"": ""Quiet Drift"", ""Temperament"": ""restless"", ""Signature"": ""drift"", ""Variant"": ""\u2014"", ""Palette"": ""ice"", ""Channel"": ""speed"", ""Exposure"": ""short"", ""Spin"": ""none"", ""Doppler"": ""off""}"
86,dust-storm,0.08772149373638344,0.002638888888888889,0.43116145833333336,,16,"{""Token"": ""#86 of 100"", ""Family"": ""Dust Storm"", ""Temperament"": ""patient"", ""Signature"": ""drift"", ""Variant"": ""\u2014"", ""Palette"": ""ice"", ""Channel"": ""density"", ""Exposure"": ""short"", ""Spin"": ""none"", ""Doppler"": ""off""}"
87,milky-way,0.15662986791939,0.0015833333333333333,0.16798958333333333,,12,"{""Token"": ""#87 of 100"", ""Family"": ""Milky Way"", ""Temperament"": ""contemplative"", ""Signature"": ""drift"", ""Variant"": ""\u2014"", ""Palette"": ""ember"", ""Channel"": ""mass"", ""Exposure"": ""short"", ""Spin"": ""prograde"", ""Doppler"": ""off""}"
88,lattice,0.03313144744008715,0.0,0.6140920138888889,,23,"{""Token"": ""#88 of 100"", ""Family"": ""Lattice"", ""Temperament"": ""restless"", ""Signature"": ""drift"", ""Variant"": ""\u2014"", ""Palette"": ""vaporwv"", ""Channel"": ""speed"", ""Exposure"": ""short"", ""Spin"": ""none"", ""Doppler"": ""off""}"
89,collision,0.15748390522875816,0.007131944444444444,0.2048142361111111,,15,"{""Token"": ""#89 of 100"", ""Family"": ""Collision"", ""Temperament"": ""contemplative"", ""Signature"": ""chase"", ""Variant"": ""Grazing flyby (fast)"", ""Palette"": ""nebula"", ""Channel"": ""speed"", ""Exposure"": ""short"", ""Spin"": ""none"", ""Doppler"": ""off""}"
90,milky-way,0.22323821486928105,0.0007586805555555555,0.14122395833333334,,13,"{""Token"": ""#90 of 100"", ""Family"": ""Milky Way"", ""Temperament"": ""restless"", ""Signature"": ""drift"", ""Variant"": ""\u2014"", ""Palette"": ""ember"", ""Channel"": ""mass"", ""Exposure"": ""short"", ""Spin"": ""none"", ""Doppler"": ""off""}"
91,coma,0.0604996255446623,9.722222222222222e-05,0.43119444444444444,,11,"{""Token"": ""#91 of 100"", ""Family"": ""Coma Cluster"", ""Temperament"": ""patient"", ""Signature"": ""drift"", ""Variant"": ""\u2014"", ""Palette"": ""ember"", ""Channel"": ""mass"", ""Exposure"": ""short"", ""Spin"": ""none"", ""Doppler"": ""off""}"
92,orrery,0.02015031998910675,0.0,0.9562986111111111,,13,"{""Token"": ""#92 of 100"", ""Family"": ""Orrery"", ""Temperament"": ""patient"", ""Signature"": ""drift"", ""Variant"": ""\u2014"", ""Palette"": ""mono"", ""Channel"": ""kind"", ""Exposure"": ""short"", ""Spin"": ""none"", ""Doppler"": ""off""}"
93,sombrero,0.12563838507625272,0.010859375,0.3685815972222222,,14,"{""Token"": ""#93 of 100"", ""Family"": ""Sombrero"", ""Temperament"": ""contemplative"", ""Signature"": ""drift"", ""Variant"": ""\u2014"", ""Palette"": ""sunset"", ""Channel"": ""density"", ""Exposure"": ""short"", ""Spin"": ""none"", ""Doppler"": ""off""}"
94,quiet-drift,0.43863265250544664,0.0028194444444444443,0.00014236111111111112,,13,"{""Token"": ""#94 of 100"", ""Family"": ""Quiet Drift"", ""Temperament"": ""restless"", ""Signature"": ""drift"", ""Variant"": ""\u2014"", ""Palette"": ""aurora"", ""Channel"": ""speed"", ""Exposure"": ""short"", ""Spin"": ""none"", ""Doppler"": ""off""}"
95,dust-storm,0.07832480936819172,0.0018559027777777777,0.45702777777777776,,13,"{""Token"": ""#95 of 100"", ""Family"": ""Dust Storm"", ""Temperament"": ""restless"", ""Signature"": ""drift"", ""Variant"": ""\u2014"", ""Palette"": ""aurora"", ""Channel"": ""density"", ""Exposure"": ""short"", ""Spin"": ""none"", ""Doppler"": ""off""}"
96,collision,0.22549706563180827,0.013461805555555555,0.10275,,15,"{""Token"": ""#96 of 100"", ""Family"": ""Collision"", ""Temperament"": ""patient"", ""Signature"": ""chase"", ""Variant"": ""Head-on (slow merger)"", ""Palette"": ""sunset"", ""Channel"": ""speed"", ""Exposure"": ""short"", ""Spin"": ""none"", ""Doppler"": ""off""}"
97,quiet-drift,0.42915030637254903,0.002895833333333333,0.0018645833333333333,,13,"{""Token"": ""#97 of 100"", ""Family"": ""Quiet Drift"", ""Temperament"": ""contemplative"", ""Signature"": ""drift"", ""Variant"": ""\u2014"", ""Palette"": ""sunset"", ""Channel"": ""speed"", ""Exposure"": ""short"", ""Spin"": ""none"", ""Doppler"": ""off""}"
98,antennae,0.26518587962962964,0.031086805555555555,0.10555555555555556,,14,"{""Token"": ""#98 of 100"", ""Family"": ""Antennae"", ""Temperament"": ""patient"", ""Signature"": ""chase"", ""Variant"": ""\u2014"", ""Palette"": ""sunset"", ""Channel"": ""speed"", ""Exposure"": ""short"", ""Spin"": ""retrograde"", ""Doppler"": ""off""}"
99,virgo-m87,0.1814846609477124,0.007793402777777778,0.19594618055555554,,11,"{""Token"": ""#99 of 100"", ""Family"": ""Virgo \u00b7 M87"", ""Temperament"": ""restless"", ""Signature"": ""vertigo"", ""Variant"": ""\u2014"", ""Palette"": ""sunset"", ""Channel"": ""speed"", ""Exposure"": ""long"", ""Spin"": ""none"", ""Doppler"": ""off""}"
100,coma,0.09100476579520697,0.0001371527777777778,0.33753645833333334,,6,"{""Token"": ""#100 of 100"", ""Family"": ""Coma Cluster"", ""Temperament"": ""patient"", ""Signature"": ""drift"", ""Variant"": ""\u2014"", ""Palette"": ""aurora"", ""Channel"": ""mass"", ""Exposure"": ""short"", ""Spin"": ""none"", ""Doppler"": ""off""}"
